bidder_group,round,ai_reserve_price,human_reserve_price,num_bidder,bid_prices,mode,context_num
S.1,31,25,32,7,"[78, 42, 39, 30, 9, 5, 1]",mask,30
S.1,32,5,4,1,[83],mask,30
S.1,33,5,5,1,[9],mask,30
S.1,34,31,32,10,"[75, 66, 44, 33, 10, 10, 1, 1, 0, 0]",mask,30
S.1,35,4,4,1,[2],mask,30
S.1,36,30,32,10,"[94, 64, 12, 10, 9, 5, 2, 0, 0, 0]",mask,30
S.1,37,15,21,4,"[9, 9, 1, 0]",mask,30
S.1,38,25,32,7,"[41, 24, 15, 7, 3, 2, 0]",mask,30
S.1,39,5,2,1,[59],mask,30
S.1,40,4,3,1,[0],mask,30
S.1,41,31,31,10,"[94, 88, 47, 21, 19, 14, 5, 0, 0, 0]",mask,30
S.1,42,20,21,7,"[80, 36, 24, 16, 7, 5, 0]",mask,30
S.1,43,4,2,1,[1],mask,30
S.1,44,15,10,4,"[29, 13, 3, 0]",mask,30
S.1,45,31,21,7,"[66, 59, 59, 47, 25, 3, 0]",mask,30
S.1,46,2,2,1,[49],mask,30
S.1,47,31,32,10,"[61, 31, 17, 16, 13, 9, 4, 2, 2, 0]",mask,30
S.1,48,31,32,7,"[47, 36, 6, 3, 2, 0, 0]",mask,30
S.1,49,13,10,4,"[11, 8, 8, 0]",mask,30
S.1,50,50,15,10,"[100, 66, 47, 34, 24, 12, 5, 1, 0, 0]",mask,30
S.1,51,3,2,1,[9],mask,30
S.1,52,25,23,7,"[51, 47, 37, 16, 3, 1, 0]",mask,30
S.1,53,13,9,4,"[23, 2, 1, 0]",mask,30
S.1,54,50,34,10,"[49, 47, 29, 22, 17, 13, 5, 3, 0, 0]",mask,30
S.1,55,4,2,1,[1],mask,30
S.1,56,20,9,4,"[27, 9, 1, 0]",mask,30
S.1,57,32,50,10,"[100, 49, 29, 22, 21, 9, 6, 4, 1, 1]",mask,30
S.1,58,15,10,4,"[44, 36, 34, 0]",mask,30
S.1,59,3,2,1,[0],mask,30
S.1,60,34,34,10,"[91, 57, 5, 1, 0, 0, 0, 0, 0, 0]",mask,30
S.10,31,27,48,7,"[83, 64, 64, 53, 31, 10, 7]",mask,30
S.10,32,3,1,1,[42],mask,30
S.10,33,28,57,7,"[73, 41, 11, 2, 1, 1, 0]",mask,30
S.10,34,34,67,10,"[91, 55, 41, 36, 11, 3, 3, 1, 1, 1]",mask,30
S.10,35,40,78,10,"[53, 49, 44, 42, 36, 25, 19, 0, 0, 0]",mask,30
S.10,36,46,67,10,"[97, 91, 21, 10, 2, 2, 1, 1, 1, 0]",mask,30
S.10,37,50,79,10,"[97, 51, 44, 34, 31, 25, 2, 0, 0, 0]",mask,30
S.10,38,16,37,4,"[55, 51, 44, 1]",mask,30
S.10,39,16,45,4,"[47, 23, 1, 0]",mask,30
S.10,40,27,78,7,"[47, 11, 6, 1, 1, 0, 0]",mask,30
S.10,41,28,56,7,"[94, 55, 44, 25, 13, 3, 0]",mask,30
S.10,42,20,34,4,"[39, 23, 13, 4]",mask,30
S.10,43,28,56,7,"[100, 88, 70, 31, 22, 5, 0]",mask,30
S.10,44,40,78,10,"[97, 78, 53, 49, 47, 34, 26, 1, 0, 0]",mask,30
S.10,45,18,23,4,"[41, 31, 14, 5]",mask,30
S.10,46,20,45,4,"[88, 83, 57, 10]",mask,30
S.10,47,18,56,4,"[88, 26, 15, 3]",mask,30
S.10,48,27,78,7,"[83, 64, 64, 53, 31, 10, 7]",mask,30
S.10,49,40,89,10,"[97, 51, 44, 34, 31, 25, 2, 0, 0, 0]",mask,30
S.10,50,27,67,7,"[88, 80, 70, 53, 6, 1, 0]",mask,30
S.10,51,46,89,10,"[97, 51, 44, 34, 31, 25, 2, 0, 0, 0]",mask,30
S.10,52,16,34,4,"[39, 5, 0, 0]",mask,30
S.10,53,50,78,10,"[86, 49, 31, 27, 9, 6, 4, 3, 0, 0]",mask,30
S.10,54,20,45,4,"[66, 7, 0, 0]",mask,30
S.10,55,40,99,10,"[100, 78, 66, 42, 37, 37, 15, 11, 3, 1]",mask,30
S.10,56,50,78,10,"[97, 51, 44, 34, 31, 25, 2, 0, 0, 0]",mask,30
S.10,57,28,79,7,"[91, 83, 73, 49, 31, 13, 5]",mask,30
S.10,58,16,45,4,"[22, 5, 5, 3]",mask,30
S.10,59,50,99,10,"[86, 57, 44, 42, 39, 31, 27, 1, 1, 0]",mask,30
S.10,60,50,78,10,"[97, 51, 44, 34, 31, 25, 2, 0, 0, 0]",mask,30
S.11,31,8,8,4,"[88, 83, 57, 10]",mask,30
S.11,32,15,20,7,"[88, 75, 61, 51, 6, 0, 0]",mask,30
S.11,33,10,25,10,"[88, 64, 34, 21, 19, 10, 9, 5, 1, 0]",mask,30
S.11,34,8,10,4,"[14, 3, 1, 0]",mask,30
S.11,35,15,15,7,"[44, 20, 7, 0, 0, 0, 0]",mask,30
S.11,36,8,8,4,"[39, 23, 13, 4]",mask,30
S.11,37,8,9,4,"[88, 83, 57, 10]",mask,30
S.11,38,15,17,7,"[94, 42, 21, 20, 8, 6, 0]",mask,30
S.11,39,20,17,7,"[97, 49, 29, 27, 9, 4, 4]",mask,30
S.11,40,8,8,4,"[68, 68, 2, 0]",mask,30
S.11,41,15,17,7,"[44, 20, 7, 0, 0, 0, 0]",mask,30
S.11,42,1,11,1,[5],mask,30
S.11,43,15,15,7,"[91, 57, 24, 23, 20, 9, 5]",mask,30
S.11,44,5,10,1,[39],mask,30
S.11,45,13,17,7,"[97, 49, 29, 27, 9, 4, 4]",mask,30
S.11,46,8,8,4,"[41, 33, 23, 0]",mask,30
S.11,47,0,10,1,[36],mask,30
S.11,48,8,8,4,"[80, 68, 59, 5]",mask,30
S.11,49,15,17,7,"[70, 64, 57, 57, 20, 4, 1]",mask,30
S.11,50,8,8,4,"[47, 36, 5, 3]",mask,30
S.11,51,15,20,7,"[49, 46, 33, 20, 13, 4, 0]",mask,30
S.11,52,13,20,7,"[88, 75, 61, 51, 6, 0, 0]",mask,30
S.11,53,15,25,7,"[44, 20, 7, 0, 0, 0, 0]",mask,30
S.11,54,15,20,7,"[49, 46, 33, 20, 13, 4, 0]",mask,30
S.11,55,8,8,4,"[39, 5, 0, 0]",mask,30
S.11,56,10,25,10,"[97, 51, 44, 34, 31, 25, 2, 0, 0, 0]",mask,30
S.11,57,15,15,7,"[91, 83, 73, 49, 31, 13, 5]",mask,30
S.11,58,10,10,1,[39],mask,30
S.11,59,8,8,4,"[55, 51, 44, 1]",mask,30
S.11,60,8,8,4,"[36, 22, 2, 0]",mask,30
S.12,31,40,66,7,"[49, 39, 24, 3, 2, 2, 1]",mask,30
S.12,32,15,50,1,[10],mask,30
S.12,33,25,40,4,"[23, 21, 6, 2]",mask,30
S.12,34,30,35,4,"[2, 1, 0, 0]",mask,30
S.12,35,25,30,4,"[18, 17, 0, 0]",mask,30
S.12,36,15,30,1,[13],mask,30
S.12,37,75,75,10,"[100, 73, 49, 42, 22, 11, 7, 4, 4, 2]",mask,30
S.12,38,15,20,1,[0],mask,30
S.12,39,75,50,10,"[100, 73, 49, 42, 22, 11, 7, 4, 4, 2]",mask,30
S.12,40,45,20,4,"[9, 9, 1, 0]",mask,30
S.12,41,25,10,4,"[1, 0, 0, 0]",mask,30
S.12,42,15,25,1,[2],mask,30
S.12,43,15,10,1,[1],mask,30
S.12,44,10,5,1,[34],mask,30
S.12,45,10,10,1,[1],mask,30
S.12,46,40,10,4,"[46, 20, 0, 0]",mask,30
S.12,47,25,10,4,"[100, 5, 2, 0]",mask,30
S.12,48,20,5,1,[0],mask,30
S.12,49,40,15,4,"[46, 20, 0, 0]",mask,30
S.12,50,15,10,1,[30],mask,30
S.12,51,20,10,1,[0],mask,30
S.12,52,30,20,4,"[37, 8, 0, 0]",mask,30
S.12,53,45,25,4,"[34, 9, 6, 0]",mask,30
S.12,54,25,25,4,"[94, 78, 61, 0]",mask,30
S.12,55,40,50,7,"[86, 46, 41, 19, 12, 3, 3]",mask,30
S.12,56,75,50,10,"[91, 73, 59, 22, 8, 7, 1, 0, 0, 0]",mask,30
S.12,57,75,60,10,"[91, 86, 83, 66, 61, 53, 7, 1, 1, 0]",mask,30
S.12,58,25,20,4,"[94, 78, 51, 23]",mask,30
S.12,59,15,50,1,[66],mask,30
S.12,60,80,80,10,"[59, 44, 37, 11, 9, 9, 8, 8, 0, 0]",mask,30
S.13,31,25,25,10,"[100, 55, 34, 26, 23, 20, 19, 15, 0, 0]",mask,30
S.13,32,25,25,7,"[70, 66, 59, 31, 12, 2, 0]",mask,30
S.13,33,25,25,4,"[61, 42, 3, 0]",mask,30
S.13,34,25,25,7,"[97, 61, 31, 11, 4, 0, 0]",mask,30
S.13,35,25,25,10,"[86, 57, 51, 44, 37, 23, 16, 9, 3, 1]",mask,30
S.13,36,10,10,1,[9],mask,30
S.13,37,10,10,1,[0],mask,30
S.13,38,10,10,1,[27],mask,30
S.13,39,25,25,7,"[86, 36, 33, 33, 2, 0, 0]",mask,30
S.13,40,10,25,1,[46],mask,30
S.13,41,25,25,10,"[64, 44, 34, 12, 4, 2, 0, 0, 0, 0]",mask,30
S.13,42,25,25,10,"[91, 91, 78, 51, 15, 14, 5, 3, 2, 1]",mask,30
S.13,43,25,25,4,"[49, 44, 13, 3]",mask,30
S.13,44,25,25,7,"[78, 61, 46, 36, 22, 19, 6]",mask,30
S.13,45,25,25,7,"[75, 66, 10, 0, 0, 0, 0]",mask,30
S.13,46,25,25,4,"[46, 41, 19, 3]",mask,30
S.13,47,10,25,1,[59],mask,30
S.13,48,10,25,1,[46],mask,30
S.13,49,25,25,10,"[78, 70, 61, 59, 57, 39, 23, 13, 5, 1]",mask,30
S.13,50,10,25,1,[9],mask,30
S.13,51,25,25,4,"[91, 22, 0, 0]",mask,30
S.13,52,25,25,7,"[49, 44, 21, 19, 7, 4, 0]",mask,30
S.13,53,25,25,10,"[75, 66, 44, 33, 10, 10, 1, 1, 0, 0]",mask,30
S.13,54,25,25,7,"[57, 57, 49, 24, 4, 1, 0]",mask,30
S.13,55,25,25,4,"[70, 44, 1, 0]",mask,30
S.13,56,10,25,1,[80],mask,30
S.13,57,25,25,7,"[47, 25, 16, 12, 10, 3, 1]",mask,30
S.13,58,10,25,1,[0],mask,30
S.13,59,25,25,4,"[78, 10, 0, 0]",mask,30
S.13,60,25,25,7,"[100, 53, 44, 5, 1, 0, 0]",mask,30
S.14,31,40,25,4,"[49, 44, 13, 3]",mask,30
S.14,32,30,35,7,"[47, 25, 9, 9, 3, 0, 0]",mask,30
S.14,33,5,1,1,[86],mask,30
S.14,34,40,25,4,"[31, 1, 0, 0]",mask,30
S.14,35,5,1,1,[42],mask,30
S.14,36,40,40,10,"[94, 64, 12, 10, 9, 5, 2, 0, 0, 0]",mask,30
S.14,37,5,1,1,[1],mask,30
S.14,38,5,1,1,[0],mask,30
S.14,39,40,40,10,"[51, 39, 33, 29, 11, 7, 3, 1, 0, 0]",mask,30
S.14,40,40,25,4,"[23, 7, 5, 0]",mask,30
S.14,41,30,30,7,"[91, 78, 10, 3, 2, 0, 0]",mask,30
S.14,42,40,40,10,"[86, 75, 47, 42, 23, 13, 10, 5, 0, 0]",mask,30
S.14,43,40,40,10,"[88, 39, 11, 6, 4, 2, 2, 0, 0, 0]",mask,30
S.14,44,40,20,4,"[27, 9, 1, 0]",mask,30
S.14,45,30,30,7,"[15, 6, 4, 1, 0, 0, 0]",mask,30
S.14,46,30,30,7,"[78, 59, 33, 25, 7, 1, 1]",mask,30
S.14,47,40,20,4,"[66, 2, 1, 0]",mask,30
S.14,48,40,20,4,"[7, 6, 4, 0]",mask,30
S.14,49,40,30,10,"[66, 61, 41, 31, 29, 16, 10, 10, 7, 1]",mask,30
S.14,50,5,1,1,[59],mask,30
S.14,51,40,40,10,"[61, 31, 17, 16, 13, 9, 4, 2, 2, 0]",mask,30
S.14,52,40,20,4,"[2, 1, 0, 0]",mask,30
S.14,53,40,20,4,"[41, 15, 7, 0]",mask,30
S.14,54,40,20,4,"[27, 9, 1, 0]",mask,30
S.14,55,5,1,1,[6],mask,30
S.14,56,40,40,10,"[94, 88, 47, 21, 19, 14, 5, 0, 0, 0]",mask,30
S.14,57,5,1,1,[0],mask,30
S.14,58,40,40,10,"[94, 64, 12, 10, 9, 5, 2, 0, 0, 0]",mask,30
S.14,59,40,40,10,"[70, 57, 51, 47, 21, 10, 10, 5, 3, 3]",mask,30
S.14,60,40,40,10,"[41, 41, 14, 14, 8, 2, 1, 0, 0, 0]",mask,30
S.15,31,25,20,10,"[78, 70, 61, 59, 57, 39, 23, 13, 5, 1]",mask,30
S.15,32,25,18,7,"[75, 29, 27, 16, 13, 0, 0]",mask,30
S.15,33,1,1,1,[12],mask,30
S.15,34,12,10,4,"[23, 21, 6, 2]",mask,30
S.15,35,12,12,4,"[41, 41, 14, 0]",mask,30
S.15,36,35,25,10,"[86, 57, 51, 44, 37, 23, 16, 9, 3, 1]",mask,30
S.15,37,1,1,1,[1],mask,30
S.15,38,40,25,10,"[80, 24, 23, 16, 7, 5, 5, 1, 0, 0]",mask,30
S.15,39,25,20,10,"[70, 66, 59, 31, 23, 12, 2, 0, 0, 0]",mask,30
S.15,40,1,1,1,[2],mask,30
S.15,41,25,20,10,"[100, 55, 37, 22, 9, 8, 7, 4, 2, 0]",mask,30
S.15,42,25,12,7,"[47, 36, 13, 6, 3, 0, 0]",mask,30
S.15,43,25,20,10,"[100, 64, 49, 7, 6, 5, 3, 0, 0, 0]",mask,30
S.15,44,1,1,1,[3],mask,30
S.15,45,1,1,1,[1],mask,30
S.15,46,1,0,1,[27],mask,30
S.15,47,25,15,7,"[36, 10, 10, 7, 2, 1, 0]",mask,30
S.15,48,1,1,1,[31],mask,30
S.15,49,25,12,7,"[49, 39, 24, 3, 2, 2, 1]",mask,30
S.15,50,1,1,1,[5],mask,30
S.15,51,25,20,10,"[41, 41, 14, 14, 8, 2, 1, 0, 0, 0]",mask,30
S.15,52,12,10,4,"[59, 2, 0, 0]",mask,30
S.15,53,1,1,1,[0],mask,30
S.15,54,25,15,10,"[86, 57, 51, 44, 37, 23, 16, 9, 3, 1]",mask,30
S.15,55,35,25,10,"[100, 73, 49, 42, 22, 11, 7, 4, 4, 2]",mask,30
S.15,56,25,15,7,"[46, 39, 31, 13, 5, 2, 0]",mask,30
S.15,57,1,0,1,[13],mask,30
S.15,58,35,20,10,"[100, 73, 49, 42, 22, 11, 7, 4, 4, 2]",mask,30
S.15,59,12,10,4,"[47, 36, 5, 0]",mask,30
S.15,60,25,15,7,"[70, 46, 42, 41, 34, 10, 2]",mask,30
S.16,31,1,3,7,"[53, 34, 21, 6, 1, 0, 0]",mask,30
S.16,32,9,1,4,"[57, 24, 13, 5]",mask,30
S.16,33,2,1,10,"[100, 88, 70, 47, 31, 15, 4, 1, 0, 0]",mask,30
S.16,34,9,5,4,"[83, 25, 5, 1]",mask,30
S.16,35,0,1,1,[2],mask,30
S.16,36,9,3,4,"[49, 44, 13, 3]",mask,30
S.16,37,0,34,1,[1],mask,30
S.16,38,9,2,4,"[61, 42, 3, 0]",mask,30
S.16,39,9,6,4,"[88, 19, 8, 1]",mask,30
S.16,40,1,23,7,"[49, 49, 22, 17, 4, 2, 2]",mask,30
S.16,41,9,5,4,"[86, 18, 2, 0]",mask,30
S.16,42,1,3,1,[0],mask,30
S.16,43,1,2,1,[66],mask,30
S.16,44,2,1,10,"[86, 57, 51, 44, 37, 23, 16, 9, 3, 1]",mask,30
S.16,45,2,1,10,"[68, 30, 18, 15, 5, 5, 1, 0, 0, 0]",mask,30
S.16,46,2,0,10,"[41, 41, 14, 14, 8, 2, 1, 0, 0, 0]",mask,30
S.16,47,0,4,1,[14],mask,30
S.16,48,5,2,7,"[39, 33, 21, 8, 3, 0, 0]",mask,30
S.16,49,5,24,7,"[75, 29, 27, 16, 13, 0, 0]",mask,30
S.16,50,1,45,10,"[100, 94, 47, 46, 42, 6, 3, 2, 2, 1]",mask,30
S.16,51,2,67,10,"[75, 66, 44, 33, 10, 10, 1, 1, 0, 0]",mask,30
S.16,52,1,45,7,"[47, 29, 26, 17, 5, 0, 0]",mask,30
S.16,53,0,4,1,[91],mask,30
S.16,54,1,7,1,[0],mask,30
S.16,55,1,1,1,[4],mask,30
S.16,56,1,1,10,"[100, 94, 26, 21, 9, 2, 1, 1, 0, 0]",mask,30
S.16,57,9,34,4,"[9, 9, 1, 0]",mask,30
S.16,58,2,23,10,"[86, 57, 51, 44, 37, 23, 9, 3, 1, 0]",mask,30
S.16,59,0,5,1,[57],mask,30
S.16,60,1,1,1,[27],mask,30
S.17,31,35,90,7,"[64, 47, 33, 13, 9, 3, 0]",mask,30
S.17,32,25,15,1,[11],mask,30
S.17,33,35,10,10,"[97, 51, 42, 34, 26, 18, 16, 15, 10, 6]",mask,30
S.17,34,35,15,10,"[86, 57, 51, 44, 37, 23, 16, 9, 3, 1]",mask,30
S.17,35,35,20,1,[0],mask,30
S.17,36,35,15,10,"[47, 29, 26, 22, 17, 13, 5, 3, 0, 0]",mask,30
S.17,37,25,20,4,"[61, 47, 27, 22]",mask,30
S.17,38,25,20,1,[9],mask,30
S.17,39,35,25,10,"[64, 61, 46, 22, 19, 19, 2, 2, 0, 0]",mask,30
S.17,40,35,30,10,"[78, 70, 61, 59, 57, 39, 23, 13, 5, 1]",mask,30
S.17,41,35,35,4,"[97, 59, 0, 0]",mask,30
S.17,42,45,40,4,"[61, 47, 27, 22]",mask,30
S.17,43,40,45,4,"[53, 33, 12, 1]",mask,30
S.17,44,35,50,1,[5],mask,30
S.17,45,35,55,10,"[51, 39, 33, 29, 11, 7, 3, 1, 0, 0]",mask,30
S.17,46,35,10,1,[6],mask,30
S.17,47,35,15,10,"[86, 22, 21, 20, 15, 13, 12, 2, 1, 0]",mask,30
S.17,48,35,20,10,"[91, 14, 13, 4, 2, 1, 1, 0, 0, 0]",mask,30
S.17,49,35,25,10,"[68, 61, 47, 31, 27, 22, 12, 9, 6, 0]",mask,30
S.17,50,35,25,10,"[91, 83, 73, 66, 61, 47, 7, 3, 1, 0]",mask,30
S.17,51,35,25,4,"[46, 20, 0, 0]",mask,30
S.17,52,35,25,7,"[88, 66, 44, 16, 9, 1, 0]",mask,30
S.17,53,35,30,4,"[46, 20, 0, 0]",mask,30
S.17,54,35,30,1,[5],mask,30
S.17,55,35,35,1,[13],mask,30
S.17,56,35,35,1,[0],mask,30
S.17,57,35,10,1,[12],mask,30
S.17,58,35,15,10,"[100, 68, 49, 46, 7, 6, 6, 3, 0, 0]",mask,30
S.17,59,35,15,1,[0],mask,30
S.17,60,35,20,10,"[97, 51, 42, 34, 26, 18, 16, 15, 10, 6]",mask,30
S.18,31,33,28,4,"[9, 9, 1, 0]",mask,30
S.18,32,33,88,1,[14],mask,30
S.18,33,34,28,7,"[46, 33, 18, 13, 4, 1, 0]",mask,30
S.18,34,33,33,1,[0],mask,30
S.18,35,33,18,4,"[34, 9, 6, 0]",mask,30
S.18,36,33,99,4,"[88, 75, 47, 0]",mask,30
S.18,37,50,50,10,"[94, 68, 47, 27, 22, 12, 9, 5, 0, 0]",mask,30
S.18,38,65,50,10,"[83, 75, 42, 33, 31, 10, 1, 0, 0, 0]",mask,30
S.18,39,28,20,7,"[88, 24, 22, 8, 6, 5, 0]",mask,30
S.18,40,44,22,7,"[49, 44, 21, 19, 7, 4, 0]",mask,30
S.18,41,33,39,1,[9],mask,30
S.18,42,34,20,7,"[68, 61, 47, 27, 22, 12, 6]",mask,30
S.18,43,29,20,4,"[70, 23, 12, 10]",mask,30
S.18,44,33,20,1,[0],mask,30
S.18,45,34,22,7,"[47, 36, 6, 3, 2, 0, 0]",mask,30
S.18,46,33,20,1,[0],mask,30
S.18,47,33,26,1,[5],mask,30
S.18,48,33,30,4,"[34, 8, 0, 0]",mask,30
S.18,49,28,29,7,"[44, 25, 12, 2, 2, 0, 0]",mask,30
S.18,50,44,30,7,"[27, 24, 20, 20, 13, 9, 0]",mask,30
S.18,51,33,2,4,"[18, 17, 0, 0]",mask,30
S.18,52,33,20,1,[13],mask,30
S.18,53,33,17,1,[91],mask,30
S.18,54,33,20,1,[27],mask,30
S.18,55,65,10,10,"[68, 46, 42, 14, 7, 6, 6, 0, 0, 0]",mask,30
S.18,56,33,33,1,[2],mask,30
S.18,57,50,55,10,"[94, 88, 47, 21, 19, 14, 5, 0, 0, 0]",mask,30
S.18,58,33,9,1,[47],mask,30
S.18,59,29,10,4,"[31, 1, 0, 0]",mask,30
S.18,60,65,8,10,"[91, 57, 5, 1, 0, 0, 0, 0, 0, 0]",mask,30
S.19,31,60,60,7,"[66, 59, 59, 47, 25, 3, 0]",mask,30
S.19,32,90,50,4,"[12, 2, 0, 0]",mask,30
S.19,33,50,60,10,"[78, 70, 66, 36, 13, 8, 3, 1, 1, 0]",mask,30
S.19,34,80,70,10,"[83, 55, 51, 25, 15, 7, 1, 0, 0, 0]",mask,30
S.19,35,60,80,1,[27],mask,30
S.19,36,70,50,4,"[68, 46, 3, 0]",mask,30
S.19,37,100,20,10,"[100, 94, 86, 66, 47, 46, 42, 2, 2, 1]",mask,30
S.19,38,60,30,7,"[47, 3, 2, 1, 1, 0, 0]",mask,30
S.19,39,40,10,1,[80],mask,30
S.19,40,50,20,10,"[91, 91, 78, 51, 15, 14, 5, 3, 2, 1]",mask,30
S.19,41,50,30,10,"[80, 24, 23, 16, 7, 5, 5, 1, 0, 0]",mask,30
S.19,42,80,20,1,[1],mask,30
S.19,43,50,30,4,"[68, 59, 34, 0]",mask,30
S.19,44,40,40,7,"[47, 29, 26, 17, 5, 0, 0]",mask,30
S.19,45,80,30,10,"[78, 70, 66, 36, 13, 8, 3, 1, 1, 0]",mask,30
S.19,46,90,10,1,[0],mask,30
S.19,47,30,20,1,[49],mask,30
S.19,48,32,0,7,"[47, 25, 9, 9, 3, 0, 0]",mask,30
S.19,49,80,30,1,[13],mask,30
S.19,50,79,20,7,"[70, 46, 44, 25, 24, 20, 19]",mask,30
S.19,51,80,40,10,"[91, 83, 66, 61, 53, 47, 7, 3, 1, 0]",mask,30
S.19,52,50,30,4,"[31, 1, 0, 0]",mask,30
S.19,53,40,40,4,"[31, 1, 0, 0]",mask,30
S.19,54,60,30,7,"[68, 34, 23, 19, 12, 3, 1]",mask,30
S.19,55,50,20,10,"[94, 64, 12, 10, 9, 5, 2, 0, 0, 0]",mask,30
S.19,56,70,39,7,"[46, 33, 18, 13, 4, 1, 0]",mask,30
S.19,57,50,40,10,"[91, 83, 73, 66, 61, 47, 7, 3, 1, 0]",mask,30
S.19,58,50,40,10,"[55, 34, 23, 13, 8, 5, 1, 0, 0, 0]",mask,30
S.19,59,20,43,1,[0],mask,30
S.19,60,30,34,1,[0],mask,30
S.2,31,13,13,10,"[80, 42, 37, 24, 22, 9, 8, 7, 0, 0]",mask,30
S.2,32,13,13,10,"[97, 41, 39, 9, 7, 3, 1, 0, 0, 0]",mask,30
S.2,33,15,14,7,"[66, 21, 12, 3, 2, 1, 0]",mask,30
S.2,34,15,15,7,"[94, 23, 13, 4, 1, 0, 0]",mask,30
S.2,35,13,14,10,"[91, 83, 73, 66, 61, 47, 7, 3, 1, 0]",mask,30
S.2,36,10,5,1,[2],mask,30
S.2,37,10,5,1,[0],mask,30
S.2,38,10,3,1,[6],mask,30
S.2,39,13,12,10,"[83, 18, 13, 13, 12, 5, 2, 0, 0, 0]",mask,30
S.2,40,13,12,10,"[83, 64, 55, 51, 37, 16, 3, 1, 0, 0]",mask,30
S.2,41,13,13,10,"[86, 55, 47, 6, 4, 4, 2, 1, 0, 0]",mask,30
S.2,42,6,13,4,"[23, 21, 6, 2]",mask,30
S.2,43,6,13,4,"[68, 59, 34, 0]",mask,30
S.2,44,10,4,1,[0],mask,30
S.2,45,13,14,10,"[86, 22, 21, 20, 15, 13, 12, 2, 1, 0]",mask,30
S.2,46,6,14,4,"[66, 44, 1, 1]",mask,30
S.2,47,6,14,4,"[75, 42, 27, 5]",mask,30
S.2,48,10,3,1,[0],mask,30
S.2,49,10,14,1,[86],mask,30
S.2,50,6,16,4,"[78, 5, 2, 0]",mask,30
S.2,51,15,25,7,"[70, 26, 8, 3, 0, 0, 0]",mask,30
S.2,52,6,17,4,"[100, 83, 4, 2]",mask,30
S.2,53,15,40,7,"[66, 59, 59, 47, 25, 3, 0]",mask,30
S.2,54,15,40,7,"[21, 9, 9, 3, 2, 2, 0]",mask,30
S.2,55,13,40,10,"[100, 68, 66, 34, 17, 15, 9, 5, 0, 0]",mask,30
S.2,56,13,40,10,"[70, 41, 33, 23, 19, 11, 1, 1, 0, 0]",mask,30
S.2,57,10,12,1,[0],mask,30
S.2,58,15,30,7,"[97, 41, 36, 15, 15, 7, 6]",mask,30
S.2,59,13,40,10,"[83, 78, 59, 49, 5, 2, 1, 0, 0, 0]",mask,30
S.2,60,13,40,10,"[100, 55, 49, 42, 22, 11, 7, 4, 4, 2]",mask,30
S.20,31,20,20,4,"[78, 5, 2, 0]",mask,30
S.20,32,40,50,10,"[78, 37, 34, 27, 18, 12, 2, 1, 0, 0]",mask,30
S.20,33,20,30,4,"[75, 42, 27, 5]",mask,30
S.20,34,1,10,1,[91],mask,30
S.20,35,20,30,4,"[44, 26, 9, 1]",mask,30
S.20,36,40,50,10,"[78, 70, 61, 59, 57, 39, 23, 13, 5, 1]",mask,30
S.20,37,20,30,4,"[49, 44, 13, 3]",mask,30
S.20,38,20,40,4,"[13, 1, 0, 0]",mask,30
S.20,39,20,35,4,"[78, 61, 16, 3]",mask,30
S.20,40,1,10,1,[1],mask,30
S.20,41,30,50,7,"[46, 33, 18, 13, 4, 1, 0]",mask,30
S.20,42,1,10,1,[1],mask,30
S.20,43,1,5,1,[20],mask,30
S.20,44,20,30,4,"[75, 29, 5, 1]",mask,30
S.20,45,1,8,1,[1],mask,30
S.20,46,40,50,10,"[100, 94, 86, 66, 47, 46, 42, 2, 2, 1]",mask,30
S.20,47,40,50,10,"[59, 44, 37, 11, 9, 9, 8, 8, 0, 0]",mask,30
S.20,48,30,40,7,"[100, 51, 46, 33, 23, 5, 4]",mask,30
S.20,49,40,50,10,"[80, 42, 37, 24, 22, 9, 8, 7, 0, 0]",mask,30
S.20,50,20,30,4,"[46, 20, 0, 0]",mask,30
S.20,51,1,5,1,[10],mask,30
S.20,52,30,30,7,"[46, 33, 18, 13, 4, 1, 0]",mask,30
S.20,53,30,30,7,"[66, 59, 59, 47, 25, 3, 0]",mask,30
S.20,54,30,30,7,"[94, 94, 80, 31, 23, 15, 4]",mask,30
S.20,55,1,2,1,[2],mask,30
S.20,56,1,5,1,[0],mask,30
S.20,57,20,30,4,"[61, 42, 3, 0]",mask,30
S.20,58,30,40,7,"[44, 42, 37, 15, 4, 1, 0]",mask,30
S.20,59,1,5,1,[11],mask,30
S.20,60,1,1,1,[1],mask,30
S.21,31,30,30,4,"[7, 6, 4, 0]",mask,30
S.21,32,5,1,1,[4],mask,30
S.21,33,10,1,1,[13],mask,30
S.21,34,5,1,1,[13],mask,30
S.21,35,70,85,10,"[61, 31, 17, 16, 13, 9, 4, 2, 2, 0]",mask,30
S.21,36,30,35,4,"[100, 68, 7, 3]",mask,30
S.21,37,5,1,1,[13],mask,30
S.21,38,30,35,4,"[31, 1, 0, 0]",mask,30
S.21,39,65,80,10,"[51, 42, 36, 36, 14, 2, 2, 2, 2, 0]",mask,30
S.21,40,30,35,4,"[97, 41, 8, 1]",mask,30
S.21,41,50,60,7,"[68, 55, 23, 20, 19, 0, 0]",mask,30
S.21,42,50,45,7,"[57, 57, 49, 24, 4, 1, 0]",mask,30
S.21,43,50,40,7,"[100, 64, 61, 41, 13, 3, 0]",mask,30
S.21,44,0,1,1,[51],mask,30
S.21,45,50,45,10,"[47, 29, 26, 22, 17, 13, 5, 3, 0, 0]",mask,30
S.21,46,30,30,4,"[75, 42, 27, 5]",mask,30
S.21,47,70,85,10,"[100, 88, 14, 13, 4, 1, 1, 0, 0, 0]",mask,30
S.21,48,60,65,7,"[46, 33, 18, 13, 4, 1, 0]",mask,30
S.21,49,65,85,10,"[73, 27, 18, 12, 4, 2, 2, 0, 0, 0]",mask,30
S.21,50,30,64,4,"[2, 1, 0, 0]",mask,30
S.21,51,60,64,10,"[86, 57, 51, 44, 37, 23, 16, 9, 3, 1]",mask,30
S.21,52,2,1,1,[2],mask,30
S.21,53,70,85,10,"[41, 41, 14, 14, 8, 2, 1, 0, 0, 0]",mask,30
S.21,54,65,64,10,"[83, 64, 55, 51, 37, 16, 3, 1, 0, 0]",mask,30
S.21,55,25,45,4,"[83, 80, 61, 55]",mask,30
S.21,56,25,35,4,"[49, 17, 4, 2]",mask,30
S.21,57,2,1,1,[34],mask,30
S.21,58,50,65,7,"[100, 22, 21, 9, 6, 1, 1]",mask,30
S.21,59,50,64,7,"[64, 57, 16, 4, 4, 2, 2]",mask,30
S.21,60,0,1,1,[0],mask,30
S.22,31,20,15,1,[36],mask,30
S.22,32,50,50,10,"[97, 80, 70, 64, 18, 6, 0, 0, 0, 0]",mask,30
S.22,33,20,18,1,[44],mask,30
S.22,34,50,50,7,"[75, 29, 27, 16, 13, 0, 0]",mask,30
S.22,35,30,18,1,[49],mask,30
S.22,36,30,19,1,[6],mask,30
S.22,37,40,30,4,"[46, 41, 19, 3]",mask,30
S.22,38,50,60,10,"[59, 44, 37, 11, 9, 9, 8, 8, 0, 0]",mask,30
S.22,39,50,40,7,"[47, 29, 22, 17, 5, 0, 0]",mask,30
S.22,40,50,45,10,"[75, 66, 33, 10, 7, 3, 0, 0, 0, 0]",mask,30
S.22,41,30,35,4,"[57, 31, 26, 6]",mask,30
S.22,42,50,50,10,"[86, 57, 51, 44, 37, 23, 16, 9, 3, 1]",mask,30
S.22,43,50,45,7,"[78, 42, 39, 30, 9, 5, 1]",mask,30
S.22,44,40,50,4,"[70, 14, 13, 1]",mask,30
S.22,45,50,50,7,"[46, 24, 17, 9, 2, 0, 0]",mask,30
S.22,46,30,15,1,[0],mask,30
S.22,47,20,10,1,[2],mask,30
S.22,48,50,45,7,"[70, 61, 13, 2, 2, 1, 0]",mask,30
S.22,49,40,30,4,"[0, 0, 0, 0]",mask,30
S.22,50,50,45,10,"[78, 70, 61, 59, 57, 39, 23, 13, 5, 1]",mask,30
S.22,51,50,45,10,"[59, 44, 37, 11, 9, 9, 8, 8, 0, 0]",mask,30
S.22,52,50,40,7,"[91, 49, 47, 18, 11, 5, 0]",mask,30
S.22,53,50,45,7,"[80, 36, 36, 14, 2, 2, 0]",mask,30
S.22,54,20,10,1,[5],mask,30
S.22,55,50,45,7,"[80, 36, 24, 16, 7, 5, 0]",mask,30
S.22,56,50,45,7,"[86, 46, 41, 19, 12, 3, 3]",mask,30
S.22,57,50,48,10,"[75, 66, 44, 33, 10, 10, 1, 1, 0, 0]",mask,30
S.22,58,20,10,1,[80],mask,30
S.22,59,30,30,4,"[27, 21, 1, 0]",mask,30
S.22,60,40,25,4,"[66, 49, 31, 1]",mask,30
S.23,31,35,20,4,"[46, 20, 0, 0]",mask,30
S.23,32,0,10,1,[1],mask,30
S.23,33,15,15,4,"[66, 44, 1, 1]",mask,30
S.23,34,60,60,10,"[91, 57, 5, 1, 0, 0, 0, 0, 0, 0]",mask,30
S.23,35,50,50,7,"[97, 64, 25, 21, 3, 0, 0]",mask,30
S.23,36,5,5,1,[6],mask,30
S.23,37,60,60,10,"[94, 88, 47, 21, 19, 14, 5, 0, 0, 0]",mask,30
S.23,38,60,60,10,"[100, 94, 86, 66, 47, 46, 42, 2, 2, 1]",mask,30
S.23,39,60,60,10,"[91, 91, 78, 51, 15, 14, 5, 3, 2, 1]",mask,30
S.23,40,0,5,1,[13],mask,30
S.23,41,0,5,1,[13],mask,30
S.23,42,15,15,4,"[64, 25, 21, 0]",mask,30
S.23,43,15,51,4,"[20, 16, 9, 0]",mask,30
S.23,44,60,60,10,"[94, 94, 80, 41, 31, 23, 15, 13, 4, 0]",mask,30
S.23,45,15,15,4,"[100, 55, 37, 2]",mask,30
S.23,46,15,15,4,"[64, 9, 7, 2]",mask,30
S.23,47,50,50,7,"[94, 61, 3, 2, 1, 0, 0]",mask,30
S.23,48,15,15,4,"[75, 42, 27, 5]",mask,30
S.23,49,15,15,4,"[27, 9, 1, 0]",mask,30
S.23,50,60,60,10,"[100, 55, 37, 22, 9, 8, 7, 4, 2, 0]",mask,30
S.23,51,15,15,4,"[42, 22, 11, 7]",mask,30
S.23,52,50,50,7,"[94, 20, 7, 3, 0, 0, 0]",mask,30
S.23,53,15,15,4,"[83, 80, 61, 55]",mask,30
S.23,54,5,5,1,[9],mask,30
S.23,55,50,50,7,"[31, 21, 6, 4, 1, 0, 0]",mask,30
S.23,56,50,50,7,"[53, 47, 26, 12, 7, 1, 1]",mask,30
S.23,57,5,5,1,[46],mask,30
S.23,58,60,60,10,"[88, 70, 30, 13, 5, 5, 5, 4, 0, 0]",mask,30
S.23,59,5,5,1,[1],mask,30
S.23,60,5,5,1,[80],mask,30
S.24,31,20,60,7,"[23, 3, 2, 1, 0, 0, 0]",mask,30
S.24,32,0,1,1,[22],mask,30
S.24,33,15,40,4,"[23, 21, 6, 2]",mask,30
S.24,34,18,50,10,"[100, 94, 86, 66, 47, 46, 42, 2, 2, 1]",mask,30
S.24,35,21,60,7,"[46, 33, 18, 13, 4, 1, 0]",mask,30
S.24,36,5,1,1,[36],mask,30
S.24,37,30,50,4,"[49, 44, 13, 3]",mask,30
S.24,38,30,40,4,"[57, 31, 26, 3]",mask,30
S.24,39,45,60,10,"[51, 39, 33, 29, 11, 7, 3, 1, 0, 0]",mask,30
S.24,40,50,40,7,"[73, 31, 21, 17, 3, 1, 0]",mask,30
S.24,41,1,1,1,[46],mask,30
S.24,42,15,45,4,"[46, 41, 19, 3]",mask,30
S.24,43,75,75,10,"[78, 70, 61, 59, 57, 39, 23, 13, 5, 1]",mask,30
S.24,44,1,1,1,[17],mask,30
S.24,45,30,50,4,"[88, 31, 1, 0]",mask,30
S.24,46,2,1,1,[33],mask,30
S.24,47,1,1,1,[5],mask,30
S.24,48,55,65,7,"[86, 46, 41, 19, 12, 3, 3]",mask,30
S.24,49,40,55,4,"[46, 20, 0, 0]",mask,30
S.24,50,80,80,10,"[100, 94, 86, 66, 47, 46, 42, 2, 2, 1]",mask,30
S.24,51,40,45,4,"[61, 59, 0, 0]",mask,30
S.24,52,55,60,7,"[88, 88, 78, 27, 7, 0, 0]",mask,30
S.24,53,50,78,10,"[100, 94, 86, 66, 47, 46, 42, 2, 2, 1]",mask,30
S.24,54,1,1,1,[1],mask,30
S.24,55,40,46,4,"[44, 26, 9, 1]",mask,30
S.24,56,2,1,1,[5],mask,30
S.24,57,1,1,1,[13],mask,30
S.24,58,1,1,1,[59],mask,30
S.24,59,50,67,10,"[78, 70, 66, 36, 13, 8, 3, 1, 1, 0]",mask,30
S.24,60,40,45,4,"[2, 1, 0, 0]",mask,30
S.25,31,80,60,7,"[47, 29, 26, 17, 5, 0, 0]",mask,30
S.25,32,50,40,4,"[37, 8, 0, 0]",mask,30
S.25,33,5,25,1,[5],mask,30
S.25,34,5,10,1,[91],mask,30
S.25,35,90,75,10,"[78, 70, 66, 36, 13, 8, 3, 1, 1, 0]",mask,30
S.25,36,5,100,1,[64],mask,30
S.25,37,80,70,7,"[78, 75, 47, 27, 8, 3, 1]",mask,30
S.25,38,75,90,10,"[23, 14, 4, 2, 2, 1, 1, 0, 0, 0]",mask,30
S.25,39,75,80,10,"[80, 42, 37, 24, 22, 9, 8, 7, 0, 0]",mask,30
S.25,40,80,75,10,"[68, 64, 39, 27, 19, 5, 2, 2, 1, 0]",mask,30
S.25,41,75,60,10,"[83, 64, 55, 51, 37, 16, 3, 1, 0, 0]",mask,30
S.25,42,25,25,4,"[68, 39, 27, 2]",mask,30
S.25,43,5,5,1,[0],mask,30
S.25,44,75,55,10,"[91, 91, 78, 51, 15, 14, 5, 3, 2, 1]",mask,30
S.25,45,75,76,10,"[51, 39, 33, 29, 11, 7, 3, 1, 0, 0]",mask,30
S.25,46,30,4,4,"[97, 61, 11, 0]",mask,30
S.25,47,80,56,7,"[83, 66, 14, 0, 0, 0, 0]",mask,30
S.25,48,75,77,10,"[91, 59, 49, 16, 13, 10, 2, 0, 0, 0]",mask,30
S.25,49,80,87,10,"[100, 94, 26, 21, 9, 2, 1, 1, 0, 0]",mask,30
S.25,50,80,23,10,"[91, 57, 5, 1, 0, 0, 0, 0, 0, 0]",mask,30
S.25,51,80,36,7,"[100, 83, 49, 7, 4, 2, 0]",mask,30
S.25,52,80,53,7,"[83, 37, 16, 8, 2, 2, 0]",mask,30
S.25,53,75,75,10,"[91, 83, 73, 66, 61, 47, 7, 3, 1, 0]",mask,30
S.25,54,50,32,4,"[23, 21, 6, 2]",mask,30
S.25,55,75,35,10,"[78, 70, 61, 59, 57, 39, 23, 13, 5, 1]",mask,30
S.25,56,80,67,7,"[46, 33, 18, 13, 4, 1, 0]",mask,30
S.25,57,80,82,10,"[91, 80, 53, 21, 13, 5, 4, 0, 0, 0]",mask,30
S.25,58,75,65,10,"[88, 57, 15, 11, 9, 6, 3, 0, 0, 0]",mask,30
S.25,59,5,12,1,[59],mask,30
S.25,60,80,95,7,"[86, 46, 41, 19, 12, 3, 3]",mask,30
S.26,31,1,1,1,[6],mask,30
S.26,32,1,1,7,"[100, 83, 49, 7, 4, 2, 0]",mask,30
S.26,33,1,1,10,"[91, 30, 13, 10, 2, 1, 0, 0, 0, 0]",mask,30
S.26,34,1,1,10,"[51, 39, 33, 29, 11, 7, 3, 1, 0, 0]",mask,30
S.26,35,1,1,7,"[78, 42, 39, 30, 9, 5, 1]",mask,30
S.26,36,1,1,10,"[83, 57, 30, 8, 1, 0, 0, 0, 0, 0]",mask,30
S.26,37,1,1,1,[0],mask,30
S.26,38,1,1,1,[5],mask,30
S.26,39,1,1,1,[1],mask,30
S.26,40,1,1,1,[14],mask,30
S.26,41,1,1,10,"[94, 94, 80, 41, 31, 23, 15, 13, 4, 0]",mask,30
S.26,42,1,1,1,[14],mask,30
S.26,43,1,1,4,"[2, 1, 0, 0]",mask,30
S.26,44,1,1,1,[14],mask,30
S.26,45,1,1,1,[1],mask,30
S.26,46,1,1,4,"[61, 47, 27, 22]",mask,30
S.26,47,1,1,4,"[49, 24, 2, 1]",mask,30
S.26,48,1,1,10,"[97, 51, 42, 34, 26, 18, 16, 15, 10, 6]",mask,30
S.26,49,1,1,7,"[80, 59, 10, 7, 7, 5, 1]",mask,30
S.26,50,1,1,10,"[23, 14, 4, 2, 2, 1, 1, 0, 0, 0]",mask,30
S.26,51,1,1,1,[6],mask,30
S.26,52,1,1,7,"[46, 26, 13, 6, 0, 0, 0]",mask,30
S.26,53,1,1,10,"[100, 68, 49, 46, 7, 6, 6, 3, 0, 0]",mask,30
S.26,54,1,1,10,"[86, 22, 21, 20, 15, 13, 12, 2, 1, 0]",mask,30
S.26,55,1,1,1,[0],mask,30
S.26,56,1,1,7,"[27, 21, 17, 13, 3, 2, 1]",mask,30
S.26,57,1,0,1,[9],mask,30
S.26,58,1,1,1,[0],mask,30
S.26,59,1,1,1,[5],mask,30
S.26,60,1,1,10,"[75, 66, 44, 33, 10, 10, 1, 1, 0, 0]",mask,30
S.27,31,50,40,10,"[100, 94, 26, 21, 9, 2, 1, 1, 0, 0]",mask,30
S.27,32,30,50,4,"[57, 31, 26, 3]",mask,30
S.27,33,60,40,10,"[75, 66, 44, 33, 10, 10, 1, 1, 0, 0]",mask,30
S.27,34,30,50,7,"[68, 51, 37, 33, 20, 9, 7]",mask,30
S.27,35,30,60,7,"[88, 30, 18, 13, 1, 0, 0]",mask,30
S.27,36,40,70,10,"[83, 64, 55, 51, 37, 16, 3, 1, 0, 0]",mask,30
S.27,37,30,80,1,[2],mask,30
S.27,38,30,70,4,"[49, 44, 13, 3]",mask,30
S.27,39,60,50,10,"[100, 94, 86, 66, 47, 46, 42, 2, 2, 1]",mask,30
S.27,40,30,30,1,[49],mask,30
S.27,41,40,40,10,"[75, 66, 44, 33, 10, 10, 1, 1, 0, 0]",mask,30
S.27,42,50,50,7,"[86, 46, 41, 19, 12, 3, 3]",mask,30
S.27,43,50,60,10,"[83, 64, 55, 51, 37, 16, 3, 1, 0, 0]",mask,30
S.27,44,30,50,4,"[47, 46, 1, 0]",mask,30
S.27,45,30,60,1,[0],mask,30
S.27,46,30,30,4,"[94, 29, 0, 0]",mask,30
S.27,47,20,40,4,"[57, 31, 26, 3]",mask,30
S.27,48,50,50,4,"[18, 17, 0, 0]",mask,30
S.27,49,60,40,10,"[100, 55, 49, 42, 22, 11, 7, 4, 4, 2]",mask,30
S.27,50,40,30,7,"[59, 15, 9, 2, 0, 0, 0]",mask,30
S.27,51,30,40,4,"[100, 70, 37, 20]",mask,30
S.27,52,50,50,4,"[9, 9, 1, 0]",mask,30
S.27,53,20,30,4,"[75, 42, 27, 5]",mask,30
S.27,54,30,40,4,"[30, 27, 13, 6]",mask,30
S.27,55,40,30,1,[0],mask,30
S.27,56,50,50,4,"[49, 44, 13, 3]",mask,30
S.27,57,50,40,4,"[68, 59, 34, 0]",mask,30
S.27,58,30,50,7,"[100, 83, 49, 7, 4, 2, 0]",mask,30
S.27,59,60,60,10,"[78, 70, 61, 59, 57, 39, 23, 13, 5, 1]",mask,30
S.27,60,30,70,7,"[78, 42, 39, 30, 9, 5, 1]",mask,30
S.28,31,15,10,4,"[44, 26, 9, 1]",mask,30
S.28,32,10,10,7,"[75, 29, 27, 16, 13, 0, 0]",mask,30
S.28,33,15,12,4,"[97, 61, 11, 0]",mask,30
S.28,34,10,12,7,"[100, 91, 61, 9, 6, 4, 3]",mask,30
S.28,35,10,10,7,"[46, 33, 18, 13, 4, 1, 0]",mask,30
S.28,36,10,10,10,"[100, 73, 49, 42, 22, 11, 7, 4, 4, 2]",mask,30
S.28,37,15,10,4,"[80, 6, 2, 2]",mask,30
S.28,38,15,12,1,[91],mask,30
S.28,39,15,10,1,[0],mask,30
S.28,40,10,10,7,"[78, 59, 33, 25, 7, 1, 1]",mask,30
S.28,41,10,10,10,"[41, 41, 14, 14, 8, 2, 1, 0, 0, 0]",mask,30
S.28,42,15,10,4,"[42, 39, 30, 9]",mask,30
S.28,43,10,10,10,"[100, 94, 78, 66, 47, 24, 21, 15, 9, 7]",mask,30
S.28,44,15,1,1,[5],mask,30
S.28,45,10,10,10,"[80, 24, 23, 16, 7, 5, 5, 1, 0, 0]",mask,30
S.28,46,15,1,1,[80],mask,30
S.28,47,10,15,10,"[91, 70, 36, 13, 4, 2, 1, 1, 0, 0]",mask,30
S.28,48,15,5,4,"[78, 5, 2, 0]",mask,30
S.28,49,15,5,1,[3],mask,30
S.28,50,15,5,1,[0],mask,30
S.28,51,15,10,4,"[55, 8, 7, 0]",mask,30
S.28,52,10,10,7,"[94, 78, 51, 2, 1, 1, 0]",mask,30
S.28,53,10,10,10,"[59, 44, 37, 11, 9, 9, 8, 8, 0, 0]",mask,30
S.28,54,15,5,4,"[68, 59, 34, 0]",mask,30
S.28,55,15,5,4,"[88, 57, 11, 6]",mask,30
S.28,56,15,5,1,[0],mask,30
S.28,57,10,15,10,"[94, 94, 94, 70, 53, 39, 0, 0, 0, 0]",mask,30
S.28,58,12,5,1,[46],mask,30
S.28,59,15,5,4,"[27, 9, 1, 0]",mask,30
S.28,60,15,5,1,[59],mask,30
S.29,31,25,25,1,[80],mask,30
S.29,32,25,25,1,[5],mask,30
S.29,33,25,25,4,"[44, 26, 9, 1]",mask,30
S.29,34,10,90,10,"[91, 88, 57, 5, 1, 0, 0, 0, 0, 0]",mask,30
S.29,35,20,23,4,"[78, 5, 2, 0]",mask,30
S.29,36,20,26,4,"[37, 25, 21, 1]",mask,30
S.29,37,10,15,7,"[68, 55, 23, 20, 19, 0, 0]",mask,30
S.29,38,20,24,4,"[61, 42, 3, 0]",mask,30
S.29,39,25,100,4,"[7, 6, 4, 0]",mask,30
S.29,40,25,98,4,"[10, 7, 6, 5]",mask,30
S.29,41,25,100,1,[0],mask,30
S.29,42,10,15,10,"[91, 80, 21, 13, 11, 4, 0, 0, 0, 0]",mask,30
S.29,43,25,50,4,"[57, 31, 26, 3]",mask,30
S.29,44,10,25,1,[5],mask,30
S.29,45,15,12,7,"[75, 17, 17, 15, 2, 0, 0]",mask,30
S.29,46,25,20,4,"[41, 15, 7, 0]",mask,30
S.29,47,10,11,10,"[78, 37, 34, 27, 18, 12, 2, 1, 0, 0]",mask,30
S.29,48,25,22,4,"[75, 29, 5, 1]",mask,30
S.29,49,10,12,7,"[49, 49, 23, 17, 4, 2, 2]",mask,30
S.29,50,10,15,7,"[80, 36, 29, 27, 24, 16, 0]",mask,30
S.29,51,10,12,10,"[86, 73, 47, 29, 14, 2, 1, 1, 0, 0]",mask,30
S.29,52,10,14,10,"[41, 41, 14, 14, 8, 2, 1, 0, 0, 0]",mask,30
S.29,53,25,45,1,[5],mask,30
S.29,54,25,30,1,[27],mask,30
S.29,55,6,11,10,"[100, 55, 49, 37, 22, 11, 7, 7, 4, 2]",mask,30
S.29,56,25,25,1,[9],mask,30
S.29,57,25,20,1,[91],mask,30
S.29,58,6,20,10,"[94, 46, 16, 13, 10, 2, 0, 0, 0, 0]",mask,30
S.29,59,5,12,10,"[86, 75, 47, 42, 23, 13, 10, 5, 0, 0]",mask,30
S.29,60,5,10,10,"[68, 66, 49, 18, 16, 9, 6, 2, 2, 0]",mask,30
S.3,31,35,31,1,[13],mask,30
S.3,32,65,82,10,"[91, 73, 59, 22, 8, 7, 1, 0, 0, 0]",mask,30
S.3,33,35,34,1,[5],mask,30
S.3,34,72,85,10,"[59, 44, 37, 11, 9, 9, 8, 8, 0, 0]",mask,30
S.3,35,45,83,10,"[53, 34, 31, 21, 20, 6, 4, 1, 0, 0]",mask,30
S.3,36,37,35,1,[0],mask,30
S.3,37,40,28,1,[57],mask,30
S.3,38,28,32,1,[0],mask,30
S.3,39,65,73,10,"[91, 83, 73, 66, 61, 47, 7, 3, 1, 0]",mask,30
S.3,40,36,62,1,[0],mask,30
S.3,41,68,49,7,"[46, 19, 9, 3, 0, 0, 0]",mask,30
S.3,42,42,58,4,"[68, 59, 34, 0]",mask,30
S.3,43,32,53,1,[49],mask,30
S.3,44,37,42,1,[9],mask,30
S.3,45,63,57,4,"[57, 31, 26, 3]",mask,30
S.3,46,25,42,1,[5],mask,30
S.3,47,63,75,7,"[73, 41, 4, 4, 3, 3, 2]",mask,30
S.3,48,24,43,1,[2],mask,30
S.3,49,45,65,10,"[91, 73, 59, 22, 8, 7, 1, 0, 0, 0]",mask,30
S.3,50,58,45,4,"[75, 42, 27, 5]",mask,30
S.3,51,26,54,4,"[61, 47, 27, 22]",mask,30
S.3,52,83,82,10,"[83, 66, 55, 37, 16, 14, 3, 1, 0, 0]",mask,30
S.3,53,21,68,1,[0],mask,30
S.3,54,65,84,10,"[91, 83, 73, 66, 61, 47, 7, 3, 1, 0]",mask,30
S.3,55,85,68,4,"[91, 22, 0, 0]",mask,30
S.3,56,28,84,1,[0],mask,30
S.3,57,46,32,1,[1],mask,30
S.3,58,26,53,4,"[23, 21, 6, 2]",mask,30
S.3,59,45,84,10,"[100, 55, 37, 22, 9, 8, 7, 4, 2, 0]",mask,30
S.3,60,42,73,4,"[9, 9, 1, 0]",mask,30
S.30,31,35,35,4,"[25, 18, 4, 0]",mask,30
S.30,32,35,25,4,"[19, 12, 5, 0]",mask,30
S.30,33,45,45,10,"[59, 44, 37, 11, 9, 9, 8, 8, 0, 0]",mask,30
S.30,34,40,45,10,"[70, 66, 59, 31, 23, 12, 2, 0, 0, 0]",mask,30
S.30,35,45,45,10,"[91, 57, 5, 1, 0, 0, 0, 0, 0, 0]",mask,30
S.30,36,35,35,7,"[78, 42, 39, 30, 9, 5, 1]",mask,30
S.30,37,35,35,7,"[34, 24, 15, 10, 8, 6, 0]",mask,30
S.30,38,45,45,10,"[41, 41, 14, 14, 8, 2, 1, 0, 0, 0]",mask,30
S.30,39,40,35,7,"[57, 57, 49, 24, 4, 1, 0]",mask,30
S.30,40,25,25,4,"[13, 1, 0, 0]",mask,30
S.30,41,45,45,10,"[86, 75, 47, 42, 23, 13, 10, 5, 0, 0]",mask,30
S.30,42,55,45,10,"[59, 59, 47, 31, 25, 3, 2, 1, 0, 0]",mask,30
S.30,43,50,45,10,"[66, 61, 41, 31, 29, 16, 10, 10, 7, 1]",mask,30
S.30,44,35,35,7,"[47, 29, 26, 17, 5, 0, 0]",mask,30
S.30,45,35,35,7,"[33, 10, 10, 5, 1, 1, 0]",mask,30
S.30,46,35,25,4,"[6, 3, 2, 0]",mask,30
S.30,47,35,20,4,"[34, 13, 7, 0]",mask,30
S.30,48,50,45,10,"[49, 34, 25, 15, 6, 4, 1, 0, 0, 0]",mask,30
S.30,49,15,10,1,[10],mask,30
S.30,50,15,7,1,[75],mask,30
S.30,51,15,7,1,[9],mask,30
S.30,52,25,18,4,"[97, 34, 4, 0]",mask,30
S.30,53,10,20,4,"[97, 29, 0, 0]",mask,30
S.30,54,55,43,10,"[61, 59, 55, 25, 4, 4, 4, 0, 0, 0]",mask,30
S.30,55,45,45,10,"[86, 22, 21, 20, 15, 13, 12, 2, 1, 0]",mask,30
S.30,56,35,35,7,"[44, 30, 27, 14, 13, 9, 0]",mask,30
S.30,57,45,45,10,"[47, 29, 26, 22, 17, 13, 5, 3, 0, 0]",mask,30
S.30,58,15,4,1,[1],mask,30
S.30,59,35,22,4,"[66, 49, 31, 1]",mask,30
S.30,60,35,24,4,"[78, 5, 2, 0]",mask,30
S.31,31,25,30,7,"[44, 30, 27, 14, 13, 9, 0]",mask,30
S.31,32,15,10,4,"[46, 20, 0, 0]",mask,30
S.31,33,10,10,1,[0],mask,30
S.31,34,50,50,10,"[100, 70, 64, 64, 33, 27, 27, 11, 5, 3]",mask,30
S.31,35,50,50,10,"[64, 47, 10, 5, 5, 2, 2, 0, 0, 0]",mask,30
S.31,36,30,30,7,"[33, 31, 15, 13, 2, 1, 0]",mask,30
S.31,37,10,10,1,[2],mask,30
S.31,38,50,50,10,"[66, 42, 18, 13, 7, 5, 2, 1, 1, 1]",mask,30
S.31,39,25,30,7,"[47, 29, 26, 17, 5, 0, 0]",mask,30
S.31,40,50,50,10,"[66, 61, 41, 31, 29, 16, 10, 10, 7, 1]",mask,30
S.31,41,25,30,7,"[78, 59, 33, 25, 7, 1, 1]",mask,30
S.31,42,50,55,10,"[70, 44, 44, 36, 26, 13, 10, 0, 0, 0]",mask,30
S.31,43,15,15,4,"[83, 25, 5, 1]",mask,30
S.31,44,10,10,1,[2],mask,30
S.31,45,5,10,1,[46],mask,30
S.31,46,50,60,10,"[66, 61, 41, 31, 29, 16, 10, 10, 7, 1]",mask,30
S.31,47,50,50,10,"[97, 91, 66, 59, 37, 31, 24, 9, 0, 0]",mask,30
S.31,48,5,15,1,[0],mask,30
S.31,49,5,80,1,[7],mask,30
S.31,50,15,20,4,"[7, 6, 4, 0]",mask,30
S.31,51,50,50,10,"[94, 94, 80, 41, 31, 23, 15, 13, 4, 0]",mask,30
S.31,52,5,15,1,[91],mask,30
S.31,53,50,50,10,"[100, 94, 26, 21, 9, 2, 1, 1, 0, 0]",mask,30
S.31,54,15,20,4,"[83, 78, 47, 1]",mask,30
S.31,55,5,20,1,[13],mask,30
S.31,56,5,15,1,[80],mask,30
S.31,57,50,50,10,"[23, 14, 4, 2, 2, 1, 1, 0, 0, 0]",mask,30
S.31,58,5,15,1,[14],mask,30
S.31,59,5,60,1,[4],mask,30
S.31,60,25,30,7,"[53, 51, 36, 25, 21, 4, 0]",mask,30
S.32,31,1,10,7,"[78, 42, 39, 30, 9, 5, 1]",mask,30
S.32,32,10,10,4,"[18, 17, 0, 0]",mask,30
S.32,33,10,10,10,"[83, 64, 55, 51, 37, 16, 3, 1, 0, 0]",mask,30
S.32,34,10,10,7,"[47, 29, 26, 17, 5, 0, 0]",mask,30
S.32,35,10,10,7,"[42, 18, 6, 4, 2, 0, 0]",mask,30
S.32,36,10,10,4,"[9, 9, 1, 0]",mask,30
S.32,37,10,10,10,"[70, 37, 18, 16, 10, 8, 3, 2, 0, 0]",mask,30
S.32,38,10,10,7,"[100, 83, 49, 7, 4, 2, 0]",mask,30
S.32,39,10,1,4,"[61, 47, 27, 22]",mask,30
S.32,40,10,10,10,"[86, 22, 21, 20, 15, 13, 12, 2, 1, 0]",mask,30
S.32,41,10,10,7,"[86, 46, 41, 19, 12, 3, 3]",mask,30
S.32,42,1,1,1,[91],mask,30
S.32,43,10,10,10,"[83, 55, 42, 39, 24, 19, 5, 4, 3, 0]",mask,30
S.32,44,10,10,4,"[36, 11, 0, 0]",mask,30
S.32,45,1,88,1,[7],mask,30
S.32,46,10,10,10,"[91, 73, 59, 22, 8, 7, 1, 0, 0, 0]",mask,30
S.32,47,1,88,1,[23],mask,30
S.32,48,1,87,1,[44],mask,30
S.32,49,10,10,10,"[83, 64, 55, 51, 37, 16, 3, 1, 0, 0]",mask,30
S.32,50,10,10,4,"[2, 1, 0, 0]",mask,30
S.32,51,10,10,10,"[51, 39, 33, 29, 11, 7, 3, 1, 0, 0]",mask,30
S.32,52,1,99,1,[46],mask,30
S.32,53,10,10,10,"[86, 57, 51, 44, 37, 23, 16, 9, 3, 1]",mask,30
S.32,54,1,1,1,[10],mask,30
S.32,55,10,10,10,"[91, 73, 59, 22, 8, 7, 1, 0, 0, 0]",mask,30
S.32,56,1,1,1,[80],mask,30
S.32,57,10,10,10,"[78, 37, 26, 26, 23, 9, 4, 4, 4, 0]",mask,30
S.32,58,10,10,10,"[97, 86, 49, 47, 29, 21, 6, 0, 0, 0]",mask,30
S.32,59,10,10,4,"[66, 4, 2, 0]",mask,30
S.32,60,10,10,7,"[73, 44, 14, 14, 13, 7, 0]",mask,30
S.33,31,30,30,4,"[49, 44, 13, 3]",mask,30
S.33,32,50,50,10,"[75, 66, 44, 33, 10, 10, 1, 1, 0, 0]",mask,30
S.33,33,40,40,7,"[88, 66, 55, 25, 2, 1, 0]",mask,30
S.33,34,50,50,10,"[91, 88, 15, 10, 2, 2, 0, 0, 0, 0]",mask,30
S.33,35,50,50,10,"[94, 94, 80, 41, 31, 23, 15, 13, 4, 0]",mask,30
S.33,36,10,11,1,[5],mask,30
S.33,37,50,50,10,"[75, 66, 44, 33, 10, 10, 1, 1, 0, 0]",mask,30
S.33,38,30,30,4,"[83, 80, 61, 55]",mask,30
S.33,39,50,50,10,"[59, 59, 47, 31, 25, 3, 2, 1, 0, 0]",mask,30
S.33,40,11,11,1,[9],mask,30
S.33,41,50,50,10,"[80, 24, 23, 16, 7, 5, 5, 1, 0, 0]",mask,30
S.33,42,50,50,10,"[100, 73, 49, 42, 22, 11, 7, 4, 4, 2]",mask,30
S.33,43,50,50,10,"[51, 39, 33, 29, 11, 7, 3, 1, 0, 0]",mask,30
S.33,44,5,11,1,[46],mask,30
S.33,45,50,50,10,"[91, 73, 59, 22, 8, 7, 1, 0, 0, 0]",mask,30
S.33,46,11,11,1,[5],mask,30
S.33,47,50,50,10,"[91, 80, 53, 21, 13, 5, 4, 0, 0, 0]",mask,30
S.33,48,30,30,4,"[97, 39, 1, 0]",mask,30
S.33,49,50,50,10,"[80, 24, 23, 16, 7, 5, 5, 1, 0, 0]",mask,30
S.33,50,50,50,10,"[100, 83, 68, 47, 30, 23, 3, 2, 1, 1]",mask,30
S.33,51,40,40,7,"[100, 83, 49, 7, 4, 2, 0]",mask,30
S.33,52,30,30,4,"[23, 21, 6, 2]",mask,30
S.33,53,30,30,4,"[23, 0, 0, 0]",mask,30
S.33,54,30,30,4,"[66, 41, 15, 0]",mask,30
S.33,55,40,40,7,"[100, 83, 49, 7, 4, 2, 0]",mask,30
S.33,56,50,50,10,"[100, 73, 49, 42, 22, 11, 7, 4, 4, 2]",mask,30
S.33,57,40,40,7,"[86, 23, 5, 4, 3, 0, 0]",mask,30
S.33,58,30,30,4,"[61, 37, 13, 4]",mask,30
S.33,59,40,40,7,"[100, 83, 49, 7, 4, 2, 0]",mask,30
S.33,60,30,30,4,"[97, 5, 2, 0]",mask,30
S.34,31,45,60,10,"[75, 66, 44, 33, 10, 10, 1, 1, 0, 0]",mask,30
S.34,32,5,0,1,[4],mask,30
S.34,33,32,12,4,"[14, 1, 1, 0]",mask,30
S.34,34,25,35,7,"[88, 88, 30, 22, 13, 1, 1]",mask,30
S.34,35,55,56,10,"[80, 46, 42, 20, 20, 19, 8, 4, 1, 0]",mask,30
S.34,36,5,4,1,[13],mask,30
S.34,37,24,56,7,"[94, 36, 19, 17, 11, 0, 0]",mask,30
S.34,38,43,43,7,"[68, 39, 27, 11, 3, 0, 0]",mask,30
S.34,39,5,7,1,[66],mask,30
S.34,40,43,65,7,"[94, 80, 24, 10, 5, 3, 0]",mask,30
S.34,41,5,30,1,[59],mask,30
S.34,42,45,67,10,"[97, 51, 42, 34, 26, 18, 16, 15, 10, 6]",mask,30
S.34,43,55,78,10,"[75, 44, 27, 25, 13, 5, 2, 2, 0, 0]",mask,30
S.34,44,5,25,1,[59],mask,30
S.34,45,56,56,10,"[91, 83, 73, 61, 53, 47, 7, 3, 1, 0]",mask,30
S.34,46,45,76,10,"[68, 53, 42, 41, 31, 30, 16, 7, 2, 0]",mask,30
S.34,47,5,40,1,[1],mask,30
S.34,48,40,24,4,"[27, 9, 1, 0]",mask,30
S.34,49,55,50,10,"[68, 66, 49, 18, 16, 9, 6, 2, 2, 0]",mask,30
S.34,50,14,25,4,"[83, 78, 47, 1]",mask,30
S.34,51,5,10,1,[44],mask,30
S.34,52,48,15,4,"[49, 31, 5, 1]",mask,30
S.34,53,43,45,7,"[68, 55, 23, 20, 19, 0, 0]",mask,30
S.34,54,43,35,7,"[68, 55, 23, 20, 19, 0, 0]",mask,30
S.34,55,56,60,10,"[83, 64, 55, 51, 37, 16, 3, 1, 0, 0]",mask,30
S.34,56,5,20,1,[5],mask,30
S.34,57,5,10,1,[46],mask,30
S.34,58,45,60,10,"[78, 66, 51, 49, 34, 12, 11, 7, 1, 0]",mask,30
S.34,59,3,8,1,[23],mask,30
S.34,60,56,58,10,"[75, 66, 44, 33, 10, 10, 1, 1, 0, 0]",mask,30
S.35,31,25,25,10,"[88, 30, 23, 22, 18, 13, 1, 1, 0, 0]",mask,30
S.35,32,15,15,4,"[2, 1, 0, 0]",mask,30
S.35,33,5,5,1,[2],mask,30
S.35,34,25,20,7,"[97, 88, 80, 59, 23, 21, 0]",mask,30
S.35,35,15,15,4,"[97, 59, 0, 0]",mask,30
S.35,36,5,5,1,[59],mask,30
S.35,37,15,15,4,"[88, 70, 13, 5]",mask,30
S.35,38,5,5,1,[0],mask,30
S.35,39,15,15,4,"[73, 51, 30, 24]",mask,30
S.35,40,5,5,1,[5],mask,30
S.35,41,25,25,7,"[100, 83, 49, 7, 4, 2, 0]",mask,30
S.35,42,15,15,4,"[46, 20, 0, 0]",mask,30
S.35,43,25,25,7,"[100, 83, 49, 7, 4, 2, 0]",mask,30
S.35,44,15,15,4,"[46, 20, 0, 0]",mask,30
S.35,45,25,25,7,"[100, 78, 64, 22, 16, 5, 1]",mask,30
S.35,46,25,20,7,"[86, 46, 41, 19, 12, 3, 3]",mask,30
S.35,47,15,15,4,"[23, 21, 6, 2]",mask,30
S.35,48,5,5,1,[1],mask,30
S.35,49,15,15,4,"[47, 17, 2, 0]",mask,30
S.35,50,5,5,1,[8],mask,30
S.35,51,25,25,7,"[46, 33, 18, 13, 4, 1, 0]",mask,30
S.35,52,5,5,1,[6],mask,30
S.35,53,25,25,10,"[78, 68, 49, 27, 17, 9, 9, 0, 0, 0]",mask,30
S.35,54,15,20,4,"[86, 18, 2, 0]",mask,30
S.35,55,5,5,1,[0],mask,30
S.35,56,25,25,7,"[78, 42, 39, 30, 9, 5, 1]",mask,30
S.35,57,25,25,10,"[100, 94, 86, 66, 47, 46, 42, 2, 2, 1]",mask,30
S.35,58,15,15,4,"[86, 18, 2, 0]",mask,30
S.35,59,25,25,7,"[68, 55, 23, 20, 19, 0, 0]",mask,30
S.35,60,15,15,4,"[23, 21, 6, 2]",mask,30
S.36,31,2,2,4,"[46, 20, 0, 0]",mask,30
S.36,32,1,1,1,[59],mask,30
S.36,33,4,3,7,"[78, 66, 20, 10, 3, 0, 0]",mask,30
S.36,34,4,4,7,"[41, 39, 34, 31, 21, 3, 0]",mask,30
S.36,35,6,6,10,"[80, 42, 37, 24, 22, 9, 8, 7, 0, 0]",mask,30
S.36,36,2,2,4,"[61, 42, 3, 0]",mask,30
S.36,37,4,3,7,"[36, 29, 27, 16, 13, 0, 0]",mask,30
S.36,38,6,6,10,"[91, 73, 57, 25, 23, 20, 10, 3, 2, 0]",mask,30
S.36,39,4,3,7,"[78, 75, 47, 27, 8, 3, 1]",mask,30
S.36,40,2,2,4,"[68, 59, 34, 0]",mask,30
S.36,41,1,1,1,[1],mask,30
S.36,42,6,5,10,"[97, 51, 42, 34, 26, 18, 16, 15, 10, 6]",mask,30
S.36,43,6,5,10,"[91, 57, 5, 1, 0, 0, 0, 0, 0, 0]",mask,30
S.36,44,6,5,10,"[75, 66, 44, 33, 10, 10, 1, 1, 0, 0]",mask,30
S.36,45,1,1,1,[46],mask,30
S.36,46,6,4,10,"[86, 55, 47, 37, 6, 4, 4, 1, 1, 0]",mask,30
S.36,47,1,1,1,[0],mask,30
S.36,48,1,1,1,[13],mask,30
S.36,49,4,4,7,"[51, 25, 21, 10, 2, 0, 0]",mask,30
S.36,50,1,1,1,[1],mask,30
S.36,51,1,1,1,[46],mask,30
S.36,52,4,3,7,"[78, 46, 10, 5, 0, 0, 0]",mask,30
S.36,53,2,2,4,"[9, 9, 1, 0]",mask,30
S.36,54,4,3,7,"[47, 25, 16, 12, 10, 3, 1]",mask,30
S.36,55,6,6,10,"[91, 91, 78, 51, 15, 14, 5, 3, 2, 1]",mask,30
S.36,56,4,3,7,"[70, 66, 59, 31, 12, 2, 0]",mask,30
S.36,57,1,1,1,[1],mask,30
S.36,58,1,1,1,[5],mask,30
S.36,59,6,5,10,"[86, 57, 51, 44, 37, 23, 16, 9, 3, 1]",mask,30
S.36,60,6,5,10,"[86, 41, 41, 14, 14, 8, 2, 1, 0, 0]",mask,30
S.37,31,5,3,4,"[47, 36, 5, 0]",mask,30
S.37,32,5,2,4,"[75, 42, 27, 5]",mask,30
S.37,33,1,1,1,[66],mask,30
S.37,34,15,10,10,"[47, 42, 33, 21, 11, 4, 2, 2, 0, 0]",mask,30
S.37,35,1,1,1,[14],mask,30
S.37,36,15,15,10,"[100, 94, 86, 66, 47, 46, 42, 2, 2, 1]",mask,30
S.37,37,5,4,4,"[68, 59, 34, 0]",mask,30
S.37,38,8,5,7,"[49, 49, 23, 17, 4, 2, 2]",mask,30
S.37,39,1,5,1,[46],mask,30
S.37,40,15,10,10,"[73, 53, 51, 37, 30, 4, 1, 1, 0, 0]",mask,30
S.37,41,10,4,7,"[68, 55, 23, 20, 19, 0, 0]",mask,30
S.37,42,5,6,4,"[66, 49, 31, 1]",mask,30
S.37,43,15,15,10,"[100, 94, 86, 66, 47, 46, 42, 2, 2, 1]",mask,30
S.37,44,1,8,1,[10],mask,30
S.37,45,15,20,10,"[88, 75, 70, 10, 7, 3, 2, 1, 0, 0]",mask,30
S.37,46,10,25,7,"[68, 55, 23, 20, 19, 0, 0]",mask,30
S.37,47,15,25,10,"[70, 53, 49, 31, 7, 4, 3, 1, 0, 0]",mask,30
S.37,48,8,10,4,"[31, 6, 5, 1]",mask,30
S.37,49,1,10,1,[91],mask,30
S.37,50,5,10,4,"[86, 18, 2, 0]",mask,30
S.37,51,10,30,10,"[86, 75, 47, 42, 23, 13, 10, 5, 0, 0]",mask,30
S.37,52,8,30,7,"[47, 36, 6, 3, 2, 0, 0]",mask,30
S.37,53,5,25,4,"[86, 18, 2, 0]",mask,30
S.37,54,15,40,10,"[23, 14, 4, 2, 2, 1, 1, 0, 0, 0]",mask,30
S.37,55,8,20,7,"[78, 42, 39, 30, 9, 5, 1]",mask,30
S.37,56,1,30,1,[66],mask,30
S.37,57,15,30,10,"[100, 94, 86, 66, 47, 46, 42, 2, 2, 1]",mask,30
S.37,58,1,45,1,[1],mask,30
S.37,59,15,20,10,"[41, 41, 14, 14, 8, 2, 1, 0, 0, 0]",mask,30
S.37,60,5,15,4,"[57, 31, 26, 3]",mask,30
S.38,31,22,15,1,[49],mask,30
S.38,32,40,77,10,"[78, 70, 61, 59, 57, 39, 23, 13, 5, 1]",mask,30
S.38,33,33,54,4,"[49, 44, 13, 3]",mask,30
S.38,34,40,65,10,"[70, 49, 27, 25, 6, 5, 3, 2, 0, 0]",mask,30
S.38,35,55,66,7,"[44, 39, 25, 12, 4, 0, 0]",mask,30
S.38,36,22,20,1,[31],mask,30
S.38,37,22,15,1,[0],mask,30
S.38,38,55,55,7,"[75, 41, 19, 18, 13, 7, 3]",mask,30
S.38,39,55,55,7,"[68, 55, 23, 20, 19, 0, 0]",mask,30
S.38,40,22,15,1,[64],mask,30
S.38,41,33,45,4,"[57, 31, 26, 3]",mask,30
S.38,42,22,18,1,[14],mask,30
S.38,43,55,67,7,"[100, 44, 26, 9, 6, 5, 1]",mask,30
S.38,44,33,45,4,"[57, 31, 26, 3]",mask,30
S.38,45,77,90,10,"[78, 61, 46, 36, 22, 19, 19, 17, 11, 0]",mask,30
S.38,46,22,16,1,[33],mask,30
S.38,47,22,19,1,[66],mask,30
S.38,48,40,77,10,"[49, 44, 30, 27, 13, 8, 4, 4, 1, 0]",mask,30
S.38,49,40,77,10,"[91, 73, 59, 22, 8, 7, 1, 0, 0, 0]",mask,30
S.38,50,22,19,1,[2],mask,30
S.38,51,40,80,10,"[86, 22, 21, 20, 15, 13, 12, 2, 1, 0]",mask,30
S.38,52,22,19,1,[7],mask,30
S.38,53,55,44,7,"[55, 51, 46, 16, 12, 3, 1]",mask,30
S.38,54,22,15,1,[27],mask,30
S.38,55,33,44,4,"[49, 44, 13, 3]",mask,30
S.38,56,40,75,10,"[91, 83, 66, 61, 53, 47, 7, 3, 1, 0]",mask,30
S.38,57,22,21,1,[59],mask,30
S.38,58,40,78,10,"[86, 22, 21, 20, 15, 13, 12, 2, 1, 0]",mask,30
S.38,59,22,15,1,[8],mask,30
S.38,60,22,11,1,[0],mask,30
S.39,31,35,25,10,"[75, 66, 44, 33, 10, 10, 1, 1, 0, 0]",mask,30
S.39,32,35,25,7,"[100, 83, 49, 7, 4, 2, 0]",mask,30
S.39,33,35,35,10,"[75, 66, 44, 33, 10, 10, 1, 1, 0, 0]",mask,30
S.39,34,10,10,1,[2],mask,30
S.39,35,35,35,10,"[47, 29, 26, 22, 17, 13, 5, 3, 0, 0]",mask,30
S.39,36,25,25,7,"[100, 83, 49, 7, 4, 2, 0]",mask,30
S.39,37,25,25,7,"[78, 75, 66, 47, 8, 3, 1]",mask,30
S.39,38,35,25,10,"[59, 44, 37, 11, 9, 9, 8, 8, 0, 0]",mask,30
S.39,39,10,10,1,[1],mask,30
S.39,40,25,20,7,"[27, 22, 21, 5, 4, 4, 2]",mask,30
S.39,41,25,15,7,"[100, 83, 49, 7, 4, 2, 0]",mask,30
S.39,42,10,5,1,[0],mask,30
S.39,43,20,10,4,"[49, 44, 13, 3]",mask,30
S.39,44,10,5,1,[8],mask,30
S.39,45,10,5,1,[9],mask,30
S.39,46,10,5,1,[0],mask,30
S.39,47,35,20,10,"[91, 73, 59, 22, 8, 7, 1, 0, 0, 0]",mask,30
S.39,48,10,5,1,[0],mask,30
S.39,49,35,20,10,"[47, 29, 26, 22, 17, 13, 5, 3, 0, 0]",mask,30
S.39,50,35,20,10,"[94, 94, 80, 41, 31, 23, 15, 13, 4, 0]",mask,30
S.39,51,10,5,1,[0],mask,30
S.39,52,15,10,4,"[42, 36, 34, 0]",mask,30
S.39,53,20,10,4,"[83, 64, 51, 51]",mask,30
S.39,54,25,20,7,"[53, 34, 21, 6, 1, 0, 0]",mask,30
S.39,55,10,5,1,[0],mask,30
S.39,56,15,10,4,"[2, 1, 0, 0]",mask,30
S.39,57,10,5,1,[0],mask,30
S.39,58,35,20,10,"[68, 64, 39, 27, 19, 5, 2, 2, 1, 0]",mask,30
S.39,59,20,10,4,"[2, 1, 0, 0]",mask,30
S.39,60,10,5,1,[0],mask,30
S.4,31,50,1,1,[49],mask,30
S.4,32,50,1,1,[0],mask,30
S.4,33,75,50,10,"[51, 39, 33, 29, 11, 7, 3, 1, 0, 0]",mask,30
S.4,34,25,1,4,"[44, 33, 1, 1]",mask,30
S.4,35,50,1,1,[75],mask,30
S.4,36,1,1,7,"[49, 49, 23, 17, 4, 2, 2]",mask,30
S.4,37,70,59,10,"[78, 70, 61, 59, 57, 39, 23, 13, 5, 1]",mask,30
S.4,38,75,65,10,"[78, 70, 61, 59, 57, 39, 23, 13, 5, 1]",mask,30
S.4,39,50,1,1,[2],mask,30
S.4,40,1,50,7,"[78, 59, 33, 25, 7, 1, 1]",mask,30
S.4,41,1,50,7,"[94, 88, 53, 22, 11, 9, 0]",mask,30
S.4,42,66,70,10,"[88, 64, 61, 33, 26, 10, 8, 2, 0, 0]",mask,30
S.4,43,30,1,1,[5],mask,30
S.4,44,65,60,10,"[23, 14, 4, 2, 2, 1, 1, 0, 0, 0]",mask,30
S.4,45,50,1,1,[91],mask,30
S.4,46,50,1,1,[0],mask,30
S.4,47,1,1,4,"[88, 70, 5, 0]",mask,30
S.4,48,30,1,1,[10],mask,30
S.4,49,70,50,10,"[91, 57, 5, 1, 0, 0, 0, 0, 0, 0]",mask,30
S.4,50,1,1,4,"[61, 47, 27, 22]",mask,30
S.4,51,30,1,1,[6],mask,30
S.4,52,30,1,1,[0],mask,30
S.4,53,25,1,4,"[78, 5, 2, 0]",mask,30
S.4,54,75,50,10,"[23, 14, 4, 2, 2, 1, 1, 0, 0, 0]",mask,30
S.4,55,50,1,1,[2],mask,30
S.4,56,50,1,1,[23],mask,30
S.4,57,65,1,10,"[94, 88, 47, 21, 19, 14, 5, 0, 0, 0]",mask,30
S.4,58,1,1,7,"[86, 59, 33, 31, 14, 0, 0]",mask,30
S.4,59,66,1,10,"[97, 91, 73, 61, 30, 27, 12, 1, 0, 0]",mask,30
S.4,60,75,1,10,"[86, 83, 66, 57, 41, 30, 1, 0, 0, 0]",mask,30
S.40,31,40,24,4,"[41, 16, 7, 2]",mask,30
S.40,32,10,19,1,[46],mask,30
S.40,33,35,24,4,"[97, 21, 19, 0]",mask,30
S.40,34,37,55,10,"[73, 41, 33, 29, 25, 22, 20, 11, 2, 1]",mask,30
S.40,35,30,14,1,[2],mask,30
S.40,36,30,0,1,[10],mask,30
S.40,37,25,14,1,[80],mask,30
S.40,38,0,24,1,[1],mask,30
S.40,39,40,55,4,"[83, 25, 5, 1]",mask,30
S.40,40,60,56,7,"[41, 25, 9, 8, 1, 1, 0]",mask,30
S.40,41,70,65,10,"[68, 66, 16, 9, 6, 4, 2, 1, 0, 0]",mask,30
S.40,42,65,54,7,"[57, 57, 49, 24, 4, 1, 0]",mask,30
S.40,43,70,64,10,"[94, 88, 47, 21, 19, 14, 5, 0, 0, 0]",mask,30
S.40,44,65,65,7,"[66, 10, 9, 7, 1, 0, 0]",mask,30
S.40,45,70,56,10,"[83, 66, 57, 30, 1, 0, 0, 0, 0, 0]",mask,30
S.40,46,10,50,1,[22],mask,30
S.40,47,60,45,7,"[49, 49, 23, 17, 4, 2, 2]",mask,30
S.40,48,0,20,1,[49],mask,30
S.40,49,10,15,1,[0],mask,30
S.40,50,65,45,7,"[80, 61, 29, 21, 20, 2, 1]",mask,30
S.40,51,35,20,4,"[61, 57, 36, 2]",mask,30
S.40,52,0,15,1,[5],mask,30
S.40,53,70,70,10,"[51, 42, 36, 36, 18, 16, 10, 7, 6, 2]",mask,30
S.40,54,10,10,1,[0],mask,30
S.40,55,40,0,4,"[97, 57, 7, 0]",mask,30
S.40,56,40,0,4,"[80, 42, 12, 4]",mask,30
S.40,57,40,10,4,"[47, 44, 41, 14]",mask,30
S.40,58,10,0,1,[0],mask,30
S.40,59,0,50,1,[9],mask,30
S.40,60,35,0,4,"[86, 19, 5, 0]",mask,30
S.5,31,20,15,4,"[18, 17, 0, 0]",mask,30
S.5,32,35,35,7,"[94, 36, 19, 17, 11, 0, 0]",mask,30
S.5,33,20,15,4,"[18, 17, 0, 0]",mask,30
S.5,34,1,1,1,[2],mask,30
S.5,35,1,2,1,[80],mask,30
S.5,36,1,2,1,[70],mask,30
S.5,37,1,5,1,[9],mask,30
S.5,38,35,35,7,"[100, 66, 47, 12, 0, 0, 0]",mask,30
S.5,39,1,5,1,[5],mask,30
S.5,40,35,35,7,"[55, 37, 14, 3, 1, 0, 0]",mask,30
S.5,41,1,5,1,[26],mask,30
S.5,42,1,5,1,[1],mask,30
S.5,43,1,5,1,[49],mask,30
S.5,44,1,5,1,[4],mask,30
S.5,45,50,50,10,"[100, 73, 49, 42, 22, 11, 7, 4, 4, 2]",mask,30
S.5,46,1,5,1,[49],mask,30
S.5,47,50,50,10,"[91, 83, 73, 66, 61, 47, 7, 3, 1, 0]",mask,30
S.5,48,1,5,1,[2],mask,30
S.5,49,1,5,1,[0],mask,30
S.5,50,50,50,10,"[83, 64, 55, 51, 37, 16, 3, 1, 0, 0]",mask,30
S.5,51,20,15,4,"[23, 21, 6, 2]",mask,30
S.5,52,50,50,10,"[94, 94, 80, 41, 31, 23, 15, 13, 4, 0]",mask,30
S.5,53,1,5,1,[0],mask,30
S.5,54,50,50,10,"[94, 94, 80, 41, 31, 23, 15, 13, 4, 0]",mask,30
S.5,55,50,50,10,"[94, 94, 80, 41, 31, 23, 15, 13, 4, 0]",mask,30
S.5,56,50,50,10,"[100, 94, 86, 66, 47, 46, 42, 2, 2, 1]",mask,30
S.5,57,50,50,10,"[86, 83, 42, 24, 19, 5, 4, 3, 1, 0]",mask,30
S.5,58,35,35,7,"[30, 22, 17, 9, 5, 0, 0]",mask,30
S.5,59,50,50,10,"[100, 55, 37, 22, 9, 8, 7, 4, 2, 0]",mask,30
S.5,60,50,50,10,"[70, 49, 27, 25, 6, 5, 3, 2, 0, 0]",mask,30
S.6,31,5,7,10,"[86, 55, 47, 6, 4, 4, 2, 1, 0, 0]",mask,30
S.6,32,1,1,1,[0],mask,30
S.6,33,5,4,10,"[100, 55, 49, 42, 22, 11, 7, 4, 4, 2]",mask,30
S.6,34,5,9,10,"[83, 68, 55, 17, 10, 8, 1, 1, 0, 0]",mask,30
S.6,35,1,1,1,[9],mask,30
S.6,36,1,2,1,[3],mask,30
S.6,37,5,9,10,"[91, 83, 73, 66, 61, 47, 7, 3, 1, 0]",mask,30
S.6,38,1,2,1,[46],mask,30
S.6,39,1,4,4,"[9, 9, 1, 0]",mask,30
S.6,40,5,11,10,"[100, 73, 49, 42, 22, 11, 7, 4, 4, 2]",mask,30
S.6,41,1,2,1,[19],mask,30
S.6,42,1,3,1,[1],mask,30
S.6,43,5,7,10,"[64, 59, 37, 31, 31, 24, 15, 12, 1, 0]",mask,30
S.6,44,1,2,1,[80],mask,30
S.6,45,1,3,1,[91],mask,30
S.6,46,5,6,7,"[100, 83, 49, 7, 4, 2, 0]",mask,30
S.6,47,4,4,4,"[9, 9, 1, 0]",mask,30
S.6,48,5,10,10,"[94, 94, 80, 41, 31, 23, 15, 13, 4, 0]",mask,30
S.6,49,1,3,1,[13],mask,30
S.6,50,1,4,1,[13],mask,30
S.6,51,5,12,10,"[100, 73, 49, 42, 22, 11, 7, 4, 4, 2]",mask,30
S.6,52,1,3,1,[94],mask,30
S.6,53,5,5,10,"[80, 24, 23, 16, 7, 5, 5, 1, 0, 0]",mask,30
S.6,54,1,4,1,[27],mask,30
S.6,55,5,6,7,"[42, 18, 6, 4, 2, 0, 0]",mask,30
S.6,56,4,3,4,"[13, 1, 0, 0]",mask,30
S.6,57,5,8,10,"[91, 73, 59, 22, 8, 7, 1, 0, 0, 0]",mask,30
S.6,58,1,5,4,"[64, 30, 6, 2]",mask,30
S.6,59,5,6,7,"[80, 36, 36, 14, 2, 2, 0]",mask,30
S.6,60,5,9,10,"[91, 83, 73, 66, 61, 47, 7, 3, 1, 0]",mask,30
S.7,31,11,12,10,"[86, 57, 51, 44, 37, 23, 16, 9, 3, 1]",mask,30
S.7,32,45,33,4,"[80, 42, 12, 4]",mask,30
S.7,33,53,55,4,"[27, 9, 1, 0]",mask,30
S.7,34,66,4,4,"[61, 42, 3, 0]",mask,30
S.7,35,12,44,1,[9],mask,30
S.7,36,11,87,7,"[49, 44, 21, 19, 7, 4, 0]",mask,30
S.7,37,10,55,10,"[80, 42, 37, 24, 22, 9, 8, 7, 0, 0]",mask,30
S.7,38,50,35,1,[11],mask,30
S.7,39,53,25,4,"[37, 31, 24, 0]",mask,30
S.7,40,22,15,10,"[100, 68, 49, 46, 7, 6, 6, 3, 0, 0]",mask,30
S.7,41,11,25,1,[59],mask,30
S.7,42,45,22,4,"[83, 25, 5, 1]",mask,30
S.7,43,12,22,7,"[78, 46, 10, 5, 0, 0, 0]",mask,30
S.7,44,10,1,10,"[86, 83, 66, 57, 41, 30, 1, 0, 0, 0]",mask,30
S.7,45,44,22,4,"[78, 10, 0, 0]",mask,30
S.7,46,43,53,7,"[86, 55, 42, 30, 6, 1, 1]",mask,30
S.7,47,9,33,4,"[34, 13, 7, 0]",mask,30
S.7,48,66,11,4,"[70, 23, 12, 10]",mask,30
S.7,49,98,1,7,"[75, 29, 27, 16, 13, 0, 0]",mask,30
S.7,50,10,1,1,[6],mask,30
S.7,51,26,42,7,"[88, 86, 55, 22, 2, 2, 1]",mask,30
S.7,52,40,14,10,"[80, 42, 37, 24, 22, 9, 8, 7, 0, 0]",mask,30
S.7,53,56,43,7,"[66, 53, 20, 4, 0, 0, 0]",mask,30
S.7,54,9,33,4,"[34, 13, 7, 0]",mask,30
S.7,55,22,22,10,"[83, 64, 55, 51, 37, 16, 3, 1, 0, 0]",mask,30
S.7,56,34,14,1,[1],mask,30
S.7,57,12,34,1,[0],mask,30
S.7,58,14,24,1,[91],mask,30
S.7,59,11,11,7,"[49, 44, 21, 19, 7, 4, 0]",mask,30
S.7,60,9,5,4,"[64, 9, 7, 2]",mask,30
S.8,31,50,1,7,"[31, 21, 6, 4, 1, 0, 0]",mask,30
S.8,32,1,1,10,"[78, 70, 61, 59, 57, 39, 23, 13, 5, 1]",mask,30
S.8,33,10,1,1,[2],mask,30
S.8,34,1,1,10,"[41, 41, 14, 14, 8, 2, 1, 0, 0, 0]",mask,30
S.8,35,1,1,10,"[51, 39, 33, 29, 11, 7, 3, 1, 0, 0]",mask,30
S.8,36,1,1,10,"[80, 42, 37, 24, 22, 9, 8, 7, 0, 0]",mask,30
S.8,37,50,1,7,"[94, 94, 80, 31, 15, 4, 0]",mask,30
S.8,38,20,1,1,[5],mask,30
S.8,39,1,1,10,"[88, 64, 61, 33, 26, 10, 8, 2, 0, 0]",mask,30
S.8,40,20,1,4,"[57, 37, 9, 1]",mask,30
S.8,41,50,1,7,"[88, 57, 39, 23, 2, 0, 0]",mask,30
S.8,42,50,1,7,"[78, 12, 5, 2, 1, 0, 0]",mask,30
S.8,43,1,1,10,"[94, 91, 91, 61, 59, 15, 14, 5, 3, 0]",mask,30
S.8,44,30,1,4,"[23, 21, 6, 2]",mask,30
S.8,45,1,1,10,"[78, 70, 61, 59, 57, 39, 23, 13, 5, 1]",mask,30
S.8,46,1,1,10,"[97, 75, 73, 70, 57, 34, 26, 10, 6, 0]",mask,30
S.8,47,1,1,10,"[94, 64, 12, 10, 9, 5, 2, 0, 0, 0]",mask,30
S.8,48,30,1,4,"[49, 5, 5, 0]",mask,30
S.8,49,20,1,4,"[2, 1, 0, 0]",mask,30
S.8,50,50,1,7,"[80, 22, 9, 8, 7, 0, 0]",mask,30
S.8,51,50,1,7,"[66, 59, 59, 47, 25, 3, 0]",mask,30
S.8,52,10,1,1,[0],mask,30
S.8,53,1,1,10,"[80, 70, 55, 24, 9, 5, 2, 1, 1, 0]",mask,30
S.8,54,10,1,1,[13],mask,30
S.8,55,10,1,1,[0],mask,30
S.8,56,20,1,4,"[42, 22, 11, 7]",mask,30
S.8,57,50,1,7,"[59, 46, 31, 27, 8, 2, 0]",mask,30
S.8,58,20,1,4,"[100, 68, 18, 14]",mask,30
S.8,59,50,1,7,"[68, 55, 23, 20, 19, 0, 0]",mask,30
S.8,60,10,1,1,[46],mask,30
S.9,31,55,60,10,"[86, 22, 21, 20, 15, 13, 12, 2, 1, 0]",mask,30
S.9,32,50,55,7,"[68, 55, 23, 20, 19, 0, 0]",mask,30
S.9,33,10,10,1,[1],mask,30
S.9,34,50,40,7,"[47, 36, 6, 3, 2, 0, 0]",mask,30
S.9,35,55,55,10,"[30, 12, 11, 2, 2, 2, 2, 0, 0, 0]",mask,30
S.9,36,10,10,1,[34],mask,30
S.9,37,50,55,7,"[86, 46, 41, 19, 12, 3, 3]",mask,30
S.9,38,50,40,7,"[46, 26, 13, 6, 0, 0, 0]",mask,30
S.9,39,10,10,1,[1],mask,30
S.9,40,10,5,1,[2],mask,30
S.9,41,10,5,1,[59],mask,30
S.9,42,55,60,10,"[97, 24, 13, 9, 4, 4, 4, 3, 3, 1]",mask,30
S.9,43,10,10,1,[91],mask,30
S.9,44,10,10,1,[46],mask,30
S.9,45,55,55,10,"[94, 64, 12, 10, 9, 5, 2, 0, 0, 0]",mask,30
S.9,46,10,10,1,[5],mask,30
S.9,47,50,35,7,"[86, 46, 41, 19, 12, 3, 3]",mask,30
S.9,48,35,35,4,"[18, 17, 0, 0]",mask,30
S.9,49,55,55,10,"[73, 70, 59, 39, 7, 1, 0, 0, 0, 0]",mask,30
S.9,50,10,10,1,[80],mask,30
S.9,51,55,55,10,"[94, 64, 12, 10, 9, 5, 2, 0, 0, 0]",mask,30
S.9,52,10,10,1,[8],mask,30
S.9,53,10,20,1,[1],mask,30
S.9,54,10,10,1,[9],mask,30
S.9,55,35,39,4,"[46, 20, 0, 0]",mask,30
S.9,56,10,5,1,[5],mask,30
S.9,57,10,10,1,[18],mask,30
S.9,58,50,55,7,"[47, 33, 9, 5, 1, 1, 1]",mask,30
S.9,59,35,39,4,"[47, 36, 5, 0]",mask,30
S.9,60,50,60,7,"[47, 36, 6, 3, 2, 0, 0]",mask,30
